Time,Tweet
2012-11-16 17:59:47,rt @jon_favreau: my model s just arrived and i went electric like dylan! #ff @teslamotors @elonmusk
2012-11-20 21:22:29,"mass. judge denies auto dealers' demand to kill our little tesla store. yay, justice prevails!  {url}"
2012-12-04 06:40:56,am happy to report that tesla was narrowly cash flow positive last week. continued improvement expected through year end.
2012-12-09 10:38:48,congrats to @dmetcalf for being the first to drive a tesla model s over 400 miles on a single charge!
2012-12-11 04:54:30,tesla was just approved for a full class 1 massachusetts auto sales license by a vote of 4 to 1. much appreciated!
2012-12-12 19:12:05,tesla articles 30 mins apart: this stock is screaming buy {url} and this stock could get destroyed {url}
2012-12-19 03:20:51,thanks! ?@ev: have driven a tesla model s 50 miles now. it's clearly the iphone of cars?by far the best car ever made.
2012-12-27 02:19:42,rt @gigaom: tesla?s solar powered super chargers hit the east coast {url}
2012-12-29 16:16:03,ca's death valley is #1 again! tesla hot weather testing was done there. model s was fine but gas tow truck overheated.
2013-01-18 19:24:36,"maybe already under control, but tesla & spacex are happy to help with the 787 lithium ion batteries."
2013-02-08 09:22:00,rt @jordanrushbloch: my latest project on the tesla model s and network of solar-powered superchargers. {url}
2013-02-11 21:26:30,nytimes article about tesla range in cold is fake. vehicle logs tell true story that he didn't actually charge to max & took a long detour.
2013-02-11 21:30:14,tesla blog coming soon detailing what actually happened on broder's nytimes range test. also lining up other journalists to do same drive.
2013-02-11 21:41:29,"tesla data logging is only turned on with explicit written permission from customers, but after top gear bs, we always keep it on for media."
2013-02-11 21:44:06,@tomleykis thanks tom! support of real tesla customers like yourself who drive the car every day is v much appreciated.
2013-02-11 21:47:10,"@batasrki yeah, top gear pretended the tesla roadster ran out of charge and they had to push it home. logs showed 50 miles range left."
2013-02-15 03:58:14,cnn about halfway through east coast supercharger test drive of @teslamotors model s w @peterdrives & @abigailbassett
2013-02-15 05:25:08,rt @teslamotors: cnn retests the route! rt @peterdrives:um... not that hard. at milford supercharger. been leadfootin' last 20 miles ht ...
2013-02-15 08:34:42,"rt @abigailbassett: we made it!!  1am, but here! @teslamotors s made it with @peterdrives + @jerharlancnn 96 miles to spare! {url} ..."
2013-02-15 10:05:56,rt @benioff: @elonmusk's @teslamotors model s is the best car i have ever owned!
2013-02-15 21:07:18,rt @teslaroadtrip: @elonmusk elon - 6 of us east coasters are recreating the ny times trip this weekend.... @teslaroadtrip
2013-02-17 22:48:17,"rt @lawrencechanin: @teslaroadtrip @avantgame @tedchris @elonmusk @nytimes   
the driving public is the winner thanks to the efforts of  ..."
2013-02-18 05:23:18,rt @teslaroadtrip: #teslaroadtrip all - thanks so much for following our twitter feed.  the trip was a success and everyone has diverted ...
2013-02-18 20:43:27,rt @yaeltabouhalkah: interesting: @nytimes public editor sides (mostly) with #tesla. rt @sulliview my thoughts on thorny problem: http:/ ...
2013-02-26 09:29:05,"rt @johnvoelcker: this is one very, very happy owner! my 2013 tesla model s electric sport sedan: delivery at last! {url} ..."
2013-02-28 02:41:08,rt @edmunds_test: about to head home in our 2013 @teslamotors model s. i won't plug in at home for the return trip. i'll take side trips ...
2013-03-07 00:49:02,am in oslo to thank the norwegian customers of @teslamotors personally. highest model s orders per capita in the world.
2013-03-08 17:16:35,minnesota auto dealers tried to pass legislation to block tesla stores. bill was just defeated in senate. thanks mn!
2013-03-08 19:27:21,check out model s at tesla austin gallery at the domain opening today! i will stop by this eve and tomorrow morning.
2013-03-09 05:44:37,rt @timoreilly: nice. tesla to pay off govt loans five years early. {url}
2013-03-10 02:39:02,using über to order a tesla model s @sxsw with @shervin and @travisk {url}
2013-03-17 20:20:24,craig venter talks about flu vaccines and the tesla model s. gesundheit! {url}
2013-03-23 23:00:44,review of tesla model s by @roadandtrack. good article w minor errors addressed in reader comments {url}
2013-03-25 20:48:30,really exciting @teslamotors announcement coming on thursday. am going to put my money where my mouth is in v major way.
2013-03-28 07:26:48,rt @teslamotors: chick magnet. {url}
2013-03-30 23:53:03,auto dealers in texas are trying to stop tesla. would appreciate your help in fighting for what's right {url}
2013-03-30 23:59:48,"if you support tesla in texas, please contact your state senate or house member. free enterprise! {url}"
2013-03-31 02:54:44,thanks bob ?@bobmetcalfe: tesla takes on tx dealer's association (ma too) - repeal anti-competitive dealer laws - {url}
2013-04-01 07:51:03,first profitable q for tesla thanks to awesome customers & hard work by a super dedicated team {url}
2013-04-01 08:00:35,"to be clear, tesla is in california, so it is not april fool's yet! also, some may differ, but imo the tues news is arguably more important."
2013-04-02 04:01:47,rt @edmunds: exclusive: @teslamotors to race in @nascar. @elonmusk's electric sedan will take on the good ol' boys in 2015: {url} ...
2013-04-02 19:11:45,today's tesla announcement is actually the 2nd in a 5 part trilogy (love douglas adams)
2013-04-02 19:19:41,certainly true that many people believe that tesla and spacex are powered by the #hhgttg infinite improbability drive :)
2013-04-02 20:43:22,"rt @teslamotors: texas auto dealers want to stop tesla from selling, delivering, & servicing cars. senate hearing for sb 1659 is @ 8 ..."
2013-04-02 20:49:11,am headed to tx next week to thank people personally for supporting tesla. please head to sb 1659 @ 8am tomorrow #teslatx
2013-04-02 21:28:23,"rt @downtownprojlv: startup buys 100 teslas, aims to replace your car via @techcocktail {url}"
2013-04-03 00:02:15,rt @teslamotors: introducing the world's best financing for the world's best car: {url}
2013-04-03 01:55:38,"@sightalignment hoping to open the century city tesla store this month. it is my neighborhood mall, so i'm there all the time."
2013-04-03 03:04:53,great explanation of the @teslamotors announcement by @techcrunch {url}
2013-04-08 22:22:02,"sarah palin calls tesla a loser. am deeply wounded. {url}  btw, model s warranty does cover bricking."
2013-04-09 02:41:56,new tesla red going down assembly line for the first time. we spent a lot of time on this color! {url}
2013-04-09 17:56:56,in tx to make the case for allowing tesla to sell cars. pls come to capitol room e2.014 at 1:30! {url}
2013-04-09 22:43:37,just had texas bbq for lunch in capitol building. about to head to house committee hearing to advocate for tesla in tx.
2013-04-11 05:11:40,yay for democracy! @latimes asks: should tesla motors be able to sell directly to consumers? {url}
2013-04-11 21:03:27,"new york judge just ruled in favor tesla, dismissing the legal attack by auto dealers to prevent direct sales!"
2013-04-17 08:05:09,"if you live in texas and are pro tesla, please vote in the @myabj opinion poll! {url}"
2013-04-24 01:42:03,"not all good news. virginia dmv commissioner just denied tesla a dealer license, despite hearing officer being in favor."
2013-04-24 05:16:21,@trekker56 @teslamotors please contact dmv commissioner and governor. this is not good for the people of virginia.
2013-04-25 18:54:47,announcement of new @teslamotors strategy tomorrow. tesla owners will like this.
2013-04-25 21:45:45,"@tapp697 thanks, important clarification. tesla announcements are always about making product experience better. market follows eventually."
2013-04-25 21:46:28,"@nycomwireless @teslamotors cool, thanks for buying our car!"
2013-04-26 21:24:29,rt @teslamotors: creating the world?s best service and warranty program {url}
2013-05-01 00:01:22,auto dealer sterling mccall makes the case for tesla direct sales in texas {url}
2013-05-01 20:44:55,@realbhuwan @teslamotors cool :)
2013-05-02 20:54:50,time to up the ante (and fix some mistakes). tesla announcement tomorrow.
2013-05-03 22:00:21,tesla raises model s resale value guarantee to highest in auto industry {url}
2013-05-04 02:38:54,rt @teslamotors: north carolina general assembly could prevent tesla from selling cars. take action: {url} #teslanc
2013-05-04 09:37:16,@teslatrip you're welcome :)
2013-05-05 05:21:47,"@flyguynscc @teslamotors yes, that has been the goal from the beginning"
2013-05-05 05:51:06,@douglasbullard @teslamotors most people have never heard of nikola tesla. that will hopefully change over time.
2013-05-06 22:25:28,chris porritt from aston martin just joined as head of vehicle engineering at tesla {url}
2013-05-06 22:28:02,"anyone interested in doing ultra hardcore vehicle engineering at tesla, please apply!"
2013-05-07 18:37:20,"creating an autopilot for cars at tesla is an important, but not yet top priority. still a few years from production."
2013-05-07 18:42:59,"tesla priority is electrification of cars, so priority is model s, model x, then mass market third gen vehicle & truck"
2013-05-09 02:54:46,"just want to say thanks to customers & investors that took a chance on tesla through the long, dark night. we wouldn't be here without you."
2013-05-09 03:58:49,@howardreiter totally agree. tesla will circle back and do something cool for roadsters next year.
2013-05-09 18:06:46,rt @crcars: consumer reports: the tesla model s earns our top test score. road test and video: {url}
2013-05-09 18:24:30,there is a way for the tesla model s to be recharged throughout the country faster than you could fill a gas tank.
2013-05-12 03:32:04,"@raimisj tesla software knits together google voice, slacker, gracenote & others and streams over 3g (will be lte later)"
2013-05-23 00:45:55,tesla wired the funds to repay the doe loan today. only us car company to have fully repaid govt {url}
2013-05-23 12:55:03,interview with @bloombergnews about tesla and doe loan gets into some of the details {url}
2013-05-25 04:01:06,"great article on tesla-dealer battle by leilani munter (@carbonfreegirl), who lives in nc {url}"
2013-05-25 04:25:57,"me & other private money funded tesla for first 7 years, got ipo+ govt money for 3, now paid back. yes, carbon tax would be a better way."
2013-05-25 04:52:15,"net of gas savings, a tesla is $550 to $600/month with down payment taken care of by tax credits. maybe less costly then it first seems."
2013-05-25 05:12:31,"technically, i got rich from zip2 & paypal w zero govt anything, then put 100% of that into spacex, tesla & solarcity."
2013-05-26 06:58:35,you can fit a lot of kindergartners in a tesla model s - houston chronicle {url}
2013-05-30 21:47:47,huge expansion of tesla supercharger network underway. will cover la to ny by end of year {url}
2013-06-05 05:35:23,"forgot to say one thing at tesla annual shareholders meeting: just as my money was the first in, it will be the last out."
2013-06-18 10:46:24,"video of battery pack swap will be posted to the tesla website around 9:30pm, so those attending will see this first."
2013-06-18 17:57:29,"@zatulsky shai actually got the idea from a visit to tesla. the idea is obvious (many things allow battery swap), but the technology is not."
2013-06-18 23:03:39,"battery pack swap works with all tesla model s cars, past and present. it was always there."
2013-06-20 10:30:26,tomorrow night: fastest gas pump in la vs tesla battery pack swap {url}
2013-06-21 10:07:04,"tesla pack swap vid still being edited (multiple camera angles). in meantime, this article contains a vid {url}"
2013-06-21 18:16:12,rt @teslamotors: tesla pack swap event video is up: {url}
2013-06-21 19:34:23,"@lisaroutel the ny auto dealers lost in court, so now they are funding a bill in ny legislature to block tesla"
2013-06-25 18:56:19,@arthurblake tesla service can do coating or can be done by any auto glass coating company. my car is done on side & rear
2013-07-02 21:47:25,"woohoo, tesla direct sales petition passed the 100k threshold! thanks a lot to everyone that helped!!"
2013-07-15 16:02:26,"rt @leilanimunter: dear oil, i am breaking up with you... {url} --- @teslamotors @elonmusk @teslamotorsclub"
2013-07-23 22:02:39,"oh yeah, well tesla will study a plan to study the gm team that's studying tesla, so there! {url}"
2013-07-25 00:12:44,rt @teslamotors: model s' groundbreaking platform is displayed in the center of london for @designmuseum the future is here exhibit! http?
2013-07-28 05:47:17,"one of the first tesla supercharger stations in europe is being built in cinderella, norway #katiewoodencloak"
2013-09-19 01:00:09,intense effort underway at tesla to develop a practical autopilot system for model s
2013-09-19 01:11:25,"engineers interested in working on autonomous driving, pls email autopilot@teslamotors.com. team will report directly to me."
2013-10-30 16:47:29,tesla west coast supercharger network now energized. travel from vancouver to tijuana in styel! {url}
2013-11-02 20:56:33,thanks woz! @stevewoz: here to pick up my new car! (at @teslamotors w/ 2 others)
2013-11-19 16:21:08,mission of tesla  {url}
2013-11-19 16:50:48,"why does a tesla fire w no injury get more media headlines than 100,000 gas car fires that kill 100s of people per year?"
2013-11-19 19:28:45,tesla is also extending the model s warranty to cover any fire damage even if due solely to a driver accident
2013-11-21 21:17:05,tesla model s consumer reports customer satisfaction survey highest of any car on road at 99/100 {url}
2013-11-28 03:03:28,"rt @mgalimany: @teslamotors @elonmusk this is what happens when your car is not a #tesla model s.
 {url}
this will never ?"
2013-12-03 00:26:37,"german govt reviews tesla model s fires. all due to high speed impacts, no injuries. concludes: no defects, no recall {url}"
2013-12-12 07:38:58,"rt @bonnienorman: @teslamotors @elonmusk santa came early this year for a little girl in texas, thanks to #tesla. {url}  #?"
2013-12-19 22:45:19,rt @teslamotors: learn what it's like to own model s in the winter and how it performs in the sub-zero temperatures of norway: {url}
2013-12-24 05:26:58,"rt @teslamotors: nhtsa has reaffirmed the 5-star safety rating of model s for 2014, confirming the highest safety rating in america! http:/?"
2013-12-25 22:56:21,@bonnienorman @teslamotors @teslamotorsclub merry christmas!
2013-12-26 23:06:38,"@olajahr @teslamotors ideally, the s should just hold position when it knows that's what you really want"
2014-01-14 20:11:52,rt @teslamotors: revenue expected to exceed guidance by 20% in q4 2013 thanks to model s' stellar safety record & winter performance: http:?
2014-01-23 22:40:34,tesla policy is to charge the same price (+ taxes & shipping) everywhere in the world {url}
2014-01-26 11:24:58,"tesla supercharger network now energized from new york to la, both coast + texas! approx 80% of us population covered."
2014-01-26 11:30:23,"two teams from tesla aiming to set a cross-country ev speed record this week. departing fri from la, arriving sun in ny."
2014-01-26 11:35:15,"rt @plugshare: congratulations to john and jill, first to drive across us using only free @teslamotors superchargers! {url}"
2014-01-30 09:17:30,tesla cars are now in all 50 us states (map credit edmunds)! {url}
2014-02-02 16:07:53,tesla la to ny supercharger rally just completed in 76 hours across northern route in dead of winter thru heavy snow!
2014-02-07 19:54:59,value is holding up tesla car is worth more used than new | mnn - {url}
2014-02-09 23:36:53,tesla v6 software upload coming soon. need to make sure it is awesome - lord business
2014-02-14 04:28:00,rt @hightechjoe: what happens when a @teslamotors model s get rear ended? #tank #amazing {url}
2014-02-17 22:45:32,rt @wendelljopson: there's a rally against anti-tesla bills #hb2524 and #sb6272 @ wa state capital right now. @teslamotors @elonmusk http:/?
2014-03-07 02:23:59,"@teslaroadtrip thanks, i really appreciate your support!"
2014-03-11 02:47:42,rt @teslams60: arrived in #hawthorne completing 7740 mile round trip #coasttocoasttocoast in a @teslamotors #models60 in 9.5 days. for free.
2014-03-11 17:23:26,new jersey auto dealers subverting democratic process to try to block tesla sales {url}
2014-03-11 17:56:37,"rt @teslamotors: if you're in nj, please come support tesla at the nj motor vehicle commission hq tues at 2p. 222 e state st., 8th floor ea?"
2014-03-14 08:20:48,just discovered a great tesla ad made by 2 recent college grads. i love it! {url}
2014-03-14 08:29:14,"@jnags92 yes, i'm confident that tesla will do something with them."
2014-03-21 20:59:13,rt @teslamotors: consumer groups say manufacturers like tesla should be able to sell directly if they want and buyers would benefit http:?
2014-04-01 23:32:13,announcing a revolutionary tesla driving technology {url}
2014-04-07 18:47:29,"bloomberg article today also has oddly false details. i don't eat breakfast at tesla and drink coffee, not juice."
2014-04-08 18:30:21,tesla us business leasing program went live today {url}
2014-04-08 19:44:15,"@elonmusk also, breakfast at tesla is self-serve cereal (no distinction for execs) and the person mentioned isn't actually an employee"
2014-04-10 00:17:09,rt @teslamotors: when life gives you lemons? {url}
2014-04-25 00:47:59,100th @teslamotors supercharger goes live {url}
2014-05-25 20:05:54,"rt @thkyv: @elonmusk 399 ev`s in world record breaking parade in bryne, norway today. 100+ teslas!"
2014-05-25 20:12:37,prince albert & princess charlene drove a tesla around the track to open @f1 monaco! the honor is much appreciated :) {url}
2014-06-04 06:39:27,rt @oevaorg: 4 second summary of @teslamotors 2014 annual shareholder meeting {url} :) @elonmusk
2014-06-11 11:24:51,rt @jon_favreau: bloomberg interview @teslamotors #chefmovie {url}
2014-06-12 20:02:05,regarding tesla patents {url}
2014-06-17 07:32:53,edmunds beats tesla la-ny record by several hours! ?@edmunds: made it! our model s made la-ny run in 67 hrs and 21 mins
2014-07-01 17:25:43,tesla model s named top model in perceived quality {url} via @usatoday
2014-07-10 19:56:53,tesla superchargers delivered over 1gwh last month. long distance driving growing exponentially {url}
2014-07-10 20:26:14,@leroytwin @tesla_canada a lot of canadian superchargers are in work and will start going live in the next month or so
2014-08-25 23:58:59,@cermak @tesla_europe i agree. we are fixing this plan. updated map coming soon.
2014-08-26 00:13:27,@evanwiththebig @teslamotors expansion to madrid already underway. map is being updated. all of spain & portugal by end of 2015.
2014-09-08 11:43:52,handing over the first tesla model s cars in japan {url}
2014-09-20 02:49:51,rt @teslamotors: new software update for model s. details on v6.0: {url}
2014-09-20 03:00:22,calendar app w tap to nav & traffic predictor in tesla v6.0 release will radically improve how the car adapts to the owner over time
2014-10-10 01:11:52,just got word that the cumulative miles of the  worldwide tesla fleet passed half a billion!
2014-10-28 07:38:19,article in @wsj re tesla sales is incorrect. september was a record high ww and up 65% year-over-year in north america.
2014-10-28 07:50:46,"also, lease price improvement is due to us bank deal. it is *not* a discount. revenue to tesla is unchanged."
2014-11-11 18:15:59,"rt @autobloggreen: the @teslamotors model s scores euro ncap 5-star safety score, w/cool video {url}"
2014-11-12 05:04:26,rt @teslamotors: hong kong street view from a right hand drive model s. {url}
2014-11-18 17:36:09,tesla comic book {url}
2014-11-19 16:59:48,"rumors about canceling falcon wing doors are false. at tesla, the production car will always be better than the show car."
2014-11-21 23:21:39,about the nevada deal with tesla ... {url}
2014-11-25 00:53:05,welcome back @ricardor to run the @teslamotors communications team!
2014-12-03 02:48:57,rt @teslamotors: new consumer reports owners survey rates model s the most loved car. 98% would buy again. {url}
2014-12-19 17:40:54,pack swap now operating in limited beta mode for sf to la route. can swap battery faster than visiting a gas station. tesla blog out soon.
2014-12-19 21:07:24,tesla fast battery swap details {url}
2015-01-29 22:33:34,tesla p85d 0 to 60mph acceleration will improve by ~0.1 sec soon via over-the-air software update to inverter algorithm
2015-01-29 22:41:56,tesla dual motor cars are also all-wheel drive. main goal of dual motor was actually insane traction on snow. insane speed was a side effect
2015-02-24 23:01:45,tesla model s rated by @consumerreports as best car in world for 2nd year in a row {url}
2015-03-10 17:42:34,rt @theeconomist: any doubts that electric cars are the future are blown away within minutes of driving a @teslamotors model s {url}
2015-03-16 20:12:56,some people seem to think i tweet to affect share price. this is false. a brief rise in $tsla stock obviously does no good for tesla or me.
2015-03-17 23:35:51,"to be clear, tesla is strongly in favor of people being allowed to drive their cars and always will be. hopefully, that is obvious."
2015-03-18 22:13:43,"thanks to everyone that supported tesla in new jersey! we couldn't have done it without you.
{url}"
2015-03-30 19:35:15,"major new tesla product line -- not a car -- will be unveiled at our hawthorne design studio on thurs 8pm, april 30"
2015-03-31 20:48:03,rt @teslamotors: look at them go. @benjerrystour driving climate change. #actonclimate {url}
2015-04-01 23:08:07,"announcing the amazing tesla model w 
{url}"
2015-04-06 19:17:48,welcome @chiefboltkennyh to @teslamotors. he will apply formula 1 techniques to revolutionize servicing mainstream cars.
2015-04-09 18:56:29,"rt @stephenking: took my tesla out to a dragstrip last week and ran the 1/4 mile. 112 mph, 0 to 60 in 4 seconds. like driving an x-wing fig?"
2015-04-09 19:22:36,"testing of the high performance version of the tesla model s by @consumerreports
{url}"
2015-04-11 07:39:56,"just announced new tesla 70d all-wheel drive, 240 mile range car for ~$55k (after gas savings & incentives)
{url}"
2015-04-18 22:07:30,rt @teslamotors: brand new store & service center in shanghai hongqiao. #tesla #china {url}
2015-04-19 18:58:47,@andrewket @teslaroadtrip wow!
2015-04-27 02:35:01,rt @deadmau5: here she is! :) @teslamotors {url}
2015-05-01 20:08:06,"for more info on tesla energy, check out press kit. $250/kwh for utility scale is the real kicker {url}"
2015-05-02 05:27:02,last night's tesla powerwall and powerpack unveiling {url}
2015-05-04 15:50:04,very funny post of a tesla owner test driving a gasoline car {url}
2015-05-12 18:23:25,"@teslap85d that is true. if someone says they are thinking about having kids, i always encourage them to do so."
2015-05-12 20:14:25,rt @teslamotors: agreed. @ftc affirms states to allow consumers to choose how they buy their cars. #tesla #michigan {url}
2015-06-03 02:27:12,rt @waitbutwhy: the story of tesla: {url} nothing has every taken any human as long as this took me. good luck. {url}
2015-06-15 19:22:09,spacex/tesla will also do a reference pod to be shown after the @hyperloop competition. bonus for all racing teams that exceed reference.
2015-06-20 01:11:23,tesla service team helps save a stray kitten that took refuge in a model s. nice work guys! {url}
2015-07-05 18:39:36,rt @greencarreports: tesla model s owner loyalty probably unparalleled in industry {url}
2015-07-10 21:49:12,"rt @teslamotors: ?one must be sane to think clearly, but one can think deeply & be quite insane.? nikola tesla. happy b-day to you. {url}"
2015-08-06 20:48:07,tesla snakebot autocharger prototype. does seem kinda wrong :) {url}
2015-08-13 20:19:15,"rt @teslamotors: travel down the model s production line
{url}"
2015-08-20 19:45:29,rt @gearpatrol: we've concluded that the p85d is pretty much the best car in the world. {url} #tesla {url}
2015-08-25 11:16:36,rt @bjornnyland: @teslamotors @elonmusk #p85d setting new world record in #hypermiling driving 728.7 km/452.8 mi on a single charge {url}
2015-08-27 18:10:49,rt @consumerreports: breaking: tesla p85d is the best car we?ve tested in 80 years of testing cars #carofthefuture {url} h?
2015-09-02 05:24:26,rt @oprah: test driving my new tesla with dealer dan. love it!! {url}
2015-09-16 19:44:58,rt @teslaeight: @caseyspencer425 @elonmusk @teslamotors casey has driven 500+ miles in a tesla model s 85d on a single charge! {url}
2015-09-30 10:44:30,"rt @wired: tesla's model x suv is finally here, and it's as wonderful as we'd hoped {url} {url}"
2015-09-30 10:46:33,rt @gizmodo: tesla's model x is finally here! here's all the stuff we didn't already know {url} {url}
2015-09-30 10:46:57,"rt @teslamotors: meet model x. watch it live here {url} #modelx
{url}"
2015-09-30 10:47:16,rt @jalopnik: this is it! the tesla model x {url} {url}
2015-10-03 01:21:58,rt @mashable: the tesla model x's falcon wing doors open even in the tightest spots {url} {url}
2015-10-11 02:51:14,tesla p85d (assembled in tilburg) beats 650 hp maclaren from 0 to 150km/h in dutch magazine test {url}
2015-10-11 03:35:12,some exciting news this week: tesla version 7 software with autopilot goes to wide release on thursday!
2015-10-11 05:03:44,@teslapittsburgh non-autopilot will have a new interface too. more comprehensive ui update coming with 7.1.
2015-10-15 00:33:25,"rt @wired: breaking: tesla just made its cars autonomous, kinda {url}"
2015-10-15 06:07:15,rt @jalopnik: tesla's autopilot system is awesome and creepy and the sign of a beautiful future {url} {url}
2015-10-15 21:36:16,rt @techcrunch: watch this self-steering tesla model s drive itself {url} {url}
2015-10-16 18:24:59,"rt @ecowatch: colbert: i woke up yesterday morning and my #tesla could drive itself
{url} @elonmusk @teslamotors {url}"
2015-10-17 19:51:59,"rt @mrteller: i like my car.  when tesla asked me to review the experience, i did. no ad. unpaid, just because i wanted to.  .{url}"
2015-10-22 00:11:28,"rt @westcoastbill: amazing ?@cnet: alex roy claims coast-to-coast tesla autopilot record 57 hours, 48 minutes {url} https?"
2015-10-22 00:35:53,congrats on driving a tesla from la to ny in just over two days! {url}
2015-10-22 02:11:06,"tesla gets top rating of any company in service. most important, cr says 97% of owners expect their next car to be a tesla (the acid test)."
2015-10-24 02:44:22,"@jessicatetreau important to set ac to not recirc (air exits thru rear) and use the snap in shade, which tesla service can provide"
2015-10-25 20:50:18,my comments in china weren't transcribed correctly. tesla will keep making cars & batteries in ca & nv as far into future as i can imagine.
2015-10-27 00:58:25,"rt @bonnienorman: huge tree lands on #tesla model s, occupants protected. #ftw {url} @teslamotors @elonmusk {url}"
2015-10-27 05:07:18,"compliment from jeffrey is much appreciated, but the people of tesla deserve all the credit"
2015-10-29 02:54:58,rt @geekwire: watch: tesla?s new autopilot technology prevents accident on slick seattle road: {url} {url}
2015-10-31 01:24:57,rt @electrekco: the autopilot is learning:model s owners already reporting tesla's autopilot self-improving {url} https:/?
2015-11-02 23:27:57,@bjornnyland @teslamotors well done!
2015-11-12 19:00:13,rt @teslamotors: why ever parallel park again? model s has you covered {url} {url}
2015-11-20 03:35:59,"ramping up the autopilot software team at tesla to achieve generalized full autonomy. if interested, contact autopilot@teslamotors.com."
2015-12-19 02:22:18,rt @insideevs: long-term owner's review of tesla model x {url}
2015-12-19 06:12:29,this article does not appreciate that tesla is in california despite taxes net of rebates being higher. incentives only a partial offset.
2016-01-10 22:04:43,first baby step in tesla summon capability now downloading over-the-air with v7.1
2016-02-09 02:06:48,rt @teslamotors: why summon enhances your safety and convenience {url} {url}
2016-02-10 10:07:55,love this tesla video made by {url}
2016-02-10 10:49:55,should mention that tesla motors itself had nothing to do with the short movie. this was completely independent.
2016-02-11 09:10:01,model 3 reservations ($1000 down) will be accepted in tesla stores on march 31 and online april 1
2016-02-12 19:24:49,rt @teslamotors: model x gets its wings {url}
2016-02-14 12:18:22,rt @teslamotors: 4 semi-autonomous cars put to the test: ?tesla?s autopilot is the clear winner.? @caranddriver {url}
2016-02-16 10:28:50,"@chriskreidler @engadget yes, this was done jointly with tesla and radio flyer"
2016-02-17 08:02:08,rt @lebeaucarnews: test drives whet appetite for tsla model x believers {url}
2016-02-23 21:56:24,rt @teslamotors: increasing roadside coverage in na from 50 to 500 miles for warranty tows. we've got you covered 24/7 {url}
2016-02-23 22:48:08,@romclocko @teslamotors coming later this year
2016-02-23 23:09:12,"rt @leilanimunter: this is a fun car elon! new footage from 1st time i drove @teslamotors model s, with ceo @elonmusk riding shot gun htt?"
2016-02-24 18:59:02,rt @teslamotors: autopilot takes out all frustration. sadhish's commute now feels like half the time {url} {url}
2016-02-27 00:34:46,rt @teslamotors: ?totally worth the wait.? model x owner randy takes @nypost for a spin on autopilot #meetmodelx {url} ?
2016-02-27 19:44:11,"@skiesforme @teslamotors that said, the white interior is the best. highly recommend."
2016-03-01 02:32:23,rt @alexisgeo: tesla's model x is mind blowing in how awesome it is -@thestreet @chris_ciaccia #meetmodelx {url}
2016-03-03 00:00:16,rt @teslamotors: 61 miles on autopilot; 0 interruptions. we're closer to autonomous cars than you think @themotleyfool {url}
2016-03-04 11:32:10,@astro_valdric @teslamotors we spoke earlier today and he said he would investigate the situation.
2016-03-05 20:32:48,@wk057 @teslamotors wasn't done at my request. good hacking is a gift.
2016-03-07 00:40:47,"spacex and tesla rated most meaningful work in high tech. also, most stressful, but that goes with the territory.  {url}"
2016-03-07 00:47:00,"spacex & tesla comp is same or better than other companies. big diff is that we don't outsource manufacturing, retail sales or service."
2016-03-18 20:11:06,rt @teslamotors: tesla destination charging in nyc will soon outnumber gas stations @nypost {url}
2016-03-20 19:22:30,tesla charger map {url}
2016-03-25 01:15:23,rt @teslamotors: model x is the quickest suv we?ve ever tested. period. @motortrend {url} {url}
2016-04-01 05:12:24,"rt @teslamotors: longest line ever #model3
{url}"
2016-04-01 07:54:10,"rt @teslamotors: meet model 3 ? make your reservation at {url} #model3
{url}"
2016-04-01 21:33:45,"rt @business: tesla's model 3 already has 198,000 reservations ...and it totally lives up to the hype {url} {url}"
2016-04-01 21:38:13,"@alyssa_milano hi alyssa, thanks for placing your faith in tesla. i hope you have a great experience with the car."
2016-04-02 22:19:36,@34thrain maybe 1/4 to 1/2 of what happened. no one at tesla thought it would be this high before part 2 of the unveil.
2016-04-02 23:07:43,"@grebakshay we are working on an exact date, but tesla will be in india before 3 production starts."
2016-04-04 00:42:49,@alandbru @teslamotors should be addressed this year
2016-04-04 00:47:04,@zooropa88 @teslamotors superchargers and service centers will cover all of italy later this year
2016-04-04 00:52:46,"model 3 will be rwd, with dual motor awd optional. even rwd will have great traction on ice due to fast torque response of tesla drivetrain."
2016-04-04 03:06:19,@lordsshrivas coming soon for all tesla cars. just an ota software update.
2016-04-04 03:37:48,@qa2198 @teslamotors yes
2016-04-06 19:26:58,"rt @teslamotors: this is ludicrous. model s p90d takes on @boeing 737 @qantas
{url}"
2016-04-08 05:59:32,solarcity panels produce enough zero carbon energy to charge entire tesla fleet {url}
2016-04-09 03:35:20,"just wanted to write a note of appreciation for all those who have supported tesla, spacex & solarcity over the years. thank you."
2016-04-20 18:57:21,rt @teslamotors: model s receives highest-ever owner satisfaction rating of 97.46% @autoexpress {url} {url}
2016-04-21 00:01:40,@scottmcnealy that article was incredibly misleading and you should know it. wager right now that sun has received far more than tesla?
2016-04-22 00:21:55,rt @hamids: my doors have gone through hundreds of open/close kid testings! {url} @elonmusk @teslamotors {url}
2016-04-22 00:22:15,rt @hamids: lots of chatter about tesla model x issues?i?ve had none. most amazing car ever! my review: {url} @elonmusk @?
2016-04-23 08:57:35,rt @motortrend: have you read our new #1 story for the year? it's an exclusive look at the #tesla #model3. {url} {url}
2016-04-29 22:13:25,@erothenberg simple answer is that there just aren't many used teslas available. demand >> supply.
2016-05-03 01:29:56,rt @teslamotors: 32 cool things about model x @edmunds {url}
2016-05-03 06:39:42,rt @chamath: i just published ?hey jerkwater: do your math on tsla?? {url}  cc @elonmusk
2016-05-05 23:56:46,"tesla is increasing the production ramp as fast as possible, but i'd recommend ordering a model 3 soon if you want 2018 delivery"
2016-05-06 12:20:07,@hansmikael @teslamotors thank goodness all are ok
2016-05-06 21:33:16,rt @ryybuzz: tesla crash flew 82 feet in the air. all 5 passengers exited without help {url} @elonmusk {url}
2016-05-10 01:42:51,rt @teslamotors: model x is the most amazing suv on the road @tim_stevens @cnet {url} {url}
2016-05-10 04:48:01,@vicentes @teslamotors @tim_stevens @cnet coming soon
2016-05-11 00:36:35,rt @teslamotors: every day is earth day for tesla owners {url} #earthday {url}
2016-05-12 17:59:09,rt @nashenas88: @teslamotors @elonmusk  fantastic counter to misleading la times article {url} via @fredericlambert
2016-05-13 00:08:13,@clubteslaes @teslamotors también te amo
2016-05-13 18:51:16,rt @teslamotors: cool view #modelx {url}
2016-05-13 18:51:32,"rt @teslamotors: ?model s saved my husband, the father of our kids? - michelle {url}"
2016-05-13 18:51:40,"rt @teslamotors: only needs 30 cm to spread its wings, wherever you go #modelx {url}"
2016-05-14 23:00:46,"rt @jdickerson: seating at breakfast has made me a tesla enthusiast reporter. base on table of owners next to me, the joy from the car is i?"
2016-05-15 00:24:21,excited to announce tesla's entry into automotive racing! {url}
2016-05-17 22:37:50,"@drkevinleung @tesla_canada totally agree. am told this will be fixed by thurs, maybe fri."
2016-05-18 21:51:56,merc news story about tesla using $5/hr labor seems to be missing a digit. tesla actually paid $55/hr. {url}
2016-05-18 22:00:02,"@jlgolson yes, but it is false of merc news to say that tesla took advantage of low cost labor. we paid $55/hr. that is unequivocal."
2016-05-18 22:30:33,"@jlgolson per the letter, tesla paid $55/hr for *additional* services, so no."
2016-05-19 07:59:37,rt @juanmtrejo: guys! why aren't you sharing this? it's awesome sauce! {url} @teslamotors @elonmusk
2016-06-01 07:14:59,good summary of tesla annual meeting by @katiefehren {url}
2016-06-04 23:01:22,good article from @themotleyfool explaining how little incentives have actually contributed to tesla funding {url}
2016-06-08 06:24:00,would like to clarify that tesla is working exclusively with panasonic for model 3 cells. news articles claiming otherwise are incorrect.
2016-06-10 10:10:45,"rt @teslamotors: after incentives, this makes the price $58.5k federally and $56k in california {url}"
2016-06-10 10:11:05,rt @teslamotors: a grain of salt {url}
2016-06-19 18:18:10,"tesla owner drives through a flooded tunnel & out the other side 
{url}"
2016-06-24 10:24:12,rt @wired: tesla is done being an automaker?it is now an energy company: {url} {url}
2016-06-29 15:49:28,thoughtful analysis of the tesla/solarcity merger by @tsrandall {url}
2016-07-05 17:06:59,"rt @nickbilton: 1.3 million people die a year in car accidents. yet, 1 person dies in a tesla on autopilot and people decry driverless cars?"
2016-07-05 18:26:41,"@alansmurray yes, it was material to you -- bs article increased your advertising revenue. just wasn't material to tsla, as shown by market."
2016-07-07 02:10:41,tesla response to the misleading fortune articles about autopilot {url}
2016-07-07 02:36:06,"@jacobrossi all publicly known tesla product developments are called out, incl vehicles and batteries. would be odd *not* to include."
2016-07-07 02:39:42,"@disinformatico @eddy_jahn tesla tesla autopilot is named after aircraft autopilot, as it is always expected that a pilot must stay alert."
2016-07-07 15:46:39,rt @vanityfair: how the media screwed up the fatal tesla accident {url} {url}
2016-07-10 19:49:35,"working on top secret tesla masterplan, part 2. hoping to publish later this week."
2016-07-10 19:53:56,today is nikola tesla's birthday. i hope he likes what we've done in his name.
2016-07-10 20:20:43,"misunderstanding of what beta means to tesla for autopilot: any system w less than 1b miles of real world driving 
{url}"
2016-07-10 20:51:47,"@fantaaiex it is extensively tested in the lab and in the tesla test fleet. however, there is no substitute for real world experience."
2016-07-10 22:09:44,kinda. creating a seamlessly integrated tesla battery & solar power product that looks beautiful is the reason {url}
2016-07-12 04:47:27,"tesla finishes last in being salesy! good. also, i can't believe there is a real pied piper.
{url}"
2016-07-15 05:59:06,"working on using existing tesla radar by itself (decoupled from camera) w temporal smoothing to create a coarse point cloud, like lidar"
2016-07-17 23:17:28,"btw, want to thank both bosch and mobileye for their help and support in making autopilot better. please direct all criticism at tesla."
2016-07-17 23:20:00,have to focus on tonight's @spacex launch. will post tesla (master) product plan afterwards.
2016-07-18 00:16:33,great rebuttal by a tesla owner to those calling for autopilot to be disabled. was written with zero input from us. {url}
2016-07-18 01:13:06,"tesla customers are v smart & don't want media speaking on their behalf abt autopilot. recent poll: 0.0% want it disabled -- not 0.1%, 0.0%."
2016-07-18 05:01:35,@bilalnaseer thanks. exactly. some in the press think they're so much smarter than tesla owners that they know better. makes no sense.
2016-07-19 19:28:06,"will be working at tesla on autopilot & model 3 today, then aiming to pull an all-nighter and complete the master product plan"
2016-07-20 22:07:36,post should go live on tesla website around 5pm
2016-07-21 03:57:51,"tesla master plan, part deux
{url}"
2016-07-21 07:58:40,"@danahull jerome is driving tesla semi & doing a great job with his team. at daimler, he led their most successful semi truck program ever."
2016-07-27 05:01:43,rt @cnbc: a rare look inside tesla's 'gigafactory' {url}
2016-07-27 18:55:34,"rt @wired: inside the enormous gigafactory, where @teslamotors  will build its future: {url} {url}"
2016-07-27 22:10:45,rt @thedrive: the war for autonomous driving: 2017 @mercedesbenz e-class vs. 2017 @teslamotors model s {url} {url}
2016-07-29 07:15:08,rt @reuters: tesla gets vote of confidence from a top investor at fidelity {url} {url}
2016-07-30 01:26:21,some good guessing by @jalopnik. the tesla minibus will be built on a model x chassis. people density potential is surprisingly high.
2016-07-30 18:40:05,@sethpascale @teslamotors glad people had a great time!
2016-07-31 20:05:17,@roadandtrack @teslamotors model y (compact suv) off model 3 chassis. tesla bus/minibus/spacebus off model x.
2016-08-07 03:21:10,rt @kytv: {url} #tesla @elonmusk branson man thanks self-driving car for driving to hospital during medical emergency. #t?
2016-08-16 21:03:17,rt @teslamotors: mystery shoppers rate tesla #1 on the ev shopping experience {url} {url}
2016-08-23 18:23:03,tesla product announcement at noon california time today
2016-08-24 04:59:07,"rt @teslamotors: introducing p100d with ludicrous mode, more performance & range for model s & model x {url}"
2016-08-24 18:41:48,rt @teslamotors: model s now world's quickest production car; 0-60 mph in 2.5 sec & first to go 300+ miles {url} {url}
2016-08-28 03:19:29,rt @business: even tesla's suv is now faster than a lamborghini {url} {url}
2016-08-29 17:43:06,rt @electrekco: tesla model s becomes highest rated sedan on new ?amazon vehicles? {url} {url}
2016-08-29 20:47:18,"rt @teslamotors: what a tesla looks like after 100,000 miles, a 48 state road trip, 500 uber rides, 20 rentals & more @stevesasman {url}"
2016-08-31 18:25:12,writing post now with details. will publish on tesla website later today.
2016-09-11 22:18:28,rt @teslamotors: upgrading autopilot: seeing the world in radar {url}
2016-09-11 22:30:12,rt @techcrunch: tesla autopilot 8.0 uses radar to prevent accidents like the fatal model s crash {url} {url}
2016-09-14 01:14:09,"comprehensive study by autolist shows that a tesla retains its value far better than gasoline sedans
{url}"
2016-09-14 01:18:30,"tesla model s loses 28% after 50k miles, a mercedes s-class will lose 38%, a bmw 7-series will lose 40%, and an audi a8 will lose 41%."
2016-09-16 06:26:40,rt @verge: tesla is building an 80mwh battery pack to supply la with power {url} {url}
2016-09-16 06:28:01,rt @teslamotors: tesla powerpacks to help solve los angeles peak energy demand with world's biggest battery storage project {url}
2016-09-16 10:05:40,tesla p100d put to the test by drag times {url}
2016-09-21 17:32:02,tesla keeps temp below 40c/105f by automatically venting cabin & turning on ac when needed. can do this for up to a year on a full charge.
2016-09-21 18:58:19,"@notch also, the tesla is poison free!"
2016-09-22 04:57:08,"tesla is sometimes criticized for government support, but all us car companies (plus some non) got loans and only t? {url}"
2016-09-22 19:24:58,"rt @teslamotors: there are hundreds of smaller tweaks that add up to a significantly improved experience behind the wheel @tsrandall
https:?"
2016-09-22 19:31:43,"@ccyuan2013 @teslamotors @tsrandall yes. also, only worked if you logged on to a malicious hotspot & used browser. no customers were hacked."
2016-09-22 20:04:33,aiming for oct 28 unveil in sf bay area of new tesla/solarcity solar roof with integrated powerwall 2.0 battery and tesla charger.
2016-09-24 02:25:16,good forbes article on tesla/solarcity merger {url}
2016-09-28 22:04:50,@gooddaym something messed up here. tesla policy is equal pricing for all. no discounts ever unless a car is a floor model or was damaged.
2016-10-02 21:21:01,"rt @venturebeat: tesla delivers 24,500 vehicles in q3, a 111% annual increase {url} by @thekenyeung"
2016-10-03 18:09:32,rt @teslamotors: keeping it simple?rt @jon4lakers i just ordered a car online. we live in the future @teslamotors {url}
2016-10-05 06:50:58,rt @teslamotors: tesla's first powerpacks in africa will be paired with solar for an off-grid installation at @singita_ safari lodge in @sa?
2016-10-07 19:28:51,"rt @teslamotors: with 3,200+ destination charging locations worldwide, you can enjoy the french vineyards or vermont's mountains, while cha?"
2016-10-07 23:15:33,cumulative tesla autopilot miles now at 222 million
2016-10-09 18:21:37,"tesla product unveiling on the 17th (unexpected by most), followed by tesla/solarcity on the 28th"
2016-10-09 18:25:12,would also like to correct expectations that tesla/solarcity will need to raise equity or corp debt in q4. won't be necessary for either.
2016-10-10 00:09:42,rt @walpoleboy6_rbx: @elonmusk tesla model s saved my life. hit a 1000lb bull moose. 2 tiny dents.
2016-10-10 17:12:16,coal-mining ceo: 'tesla is a fraud' {url} via @yahoofinance
2016-10-10 17:23:43,"real fraud going on is denial of climate science. as for subsidies, tesla gets pennies on dollar vs coal. how about we both go to zero?"
2016-10-13 19:12:09,rt @teslamotors: model x has proved both extraordinary and oddly unremarkable. rating: ????? @carmagazine {url} https:/?
2016-10-17 01:00:41,@markpinc @teslamotors thanks!
2016-10-17 02:27:04,moving the tesla announcement to wednesday. needs a few more days of refinement.
2016-10-17 07:45:42,"rt @teslamotors: tesla and panasonic to collaborate on photovoltaic cell and module production in buffalo, new york {url}"
2016-10-19 09:20:09,tesla does 0-60 mph in 2.7 seconds in the rain {url} via @electrekco
2016-10-19 11:47:24,rt @zebedee666: @teslamotors autopilot saves another life. dare folk to rt that as much as previous context-free clickbait {url}
2016-10-19 20:29:48,tesla announcement goes live at 5pm california time. 30 minutes of media q&a to follow.
2016-10-20 03:39:13,"rt @teslamotors: all teslas in production now have full self-driving hardware, this will include model 3 {url}"
2016-10-20 03:41:25,will post video of a tesla navigating a complex urban environment shortly. that was what took the extra couple of days.
2016-10-20 07:08:31,tesla expects to demonstrate self-driven cross-country trip next year {url} via @wsj
2016-10-20 11:23:18,"tesla drives itself (no human input at all) thru urban streets to highway to streets, then finds a parking spot {url}"
2016-10-20 11:27:05,"@teslamotors 8 cameras, 12 ultrasonars and radar all flush mounted and body color. beauty remains."
2016-10-20 12:50:40,rt @teslamotors: here's the new hardware at work {url}
2016-10-21 09:46:01,rt @verge: can you spot the self-driving cameras on this tesla model s? {url} {url}
2016-10-21 18:29:59,rt @teslamotors: tesla?s announcement marks a turning point in the race towards fully autonomous vehicles. @fortunemagazine {url}
2016-10-27 00:18:07,rt @electrekco: bob lutz compares tesla to socialism after gm took $11b from taxpayers under his reign {url} {url}
2016-10-27 01:49:13,"rt @techcrunch: musk on tesla network: it's not tesla vs? uber, it's the people vs? u... {url} by @etherington {url}"
2016-10-29 04:33:07,rt @teslamotors: tesla + solarcity future: solar roofs + batteries + electric cars {url}
2016-10-29 04:34:41,rt @teslamotors: powerwall 2 stores solar energy to power your home with 14 kwh of storage {url}
2016-10-29 05:46:43,rt @teslamotors: close up of the solar roof {url}
2016-10-29 05:46:51,rt @teslamotors: tuscan glass tile roof {url}
2016-10-29 06:13:18,"rt @cnbc: with tesla's solar roof, you'll never have to know these houses are solar-powered {url}"
2016-10-29 06:56:06,"should mention that the tesla solar roof is robust against any weather, incl heavy hail. also, higher insulating value than a standard roof."
2016-10-29 07:11:48,rt @teslamotors: solar roof glass tile vs. conventional roof tile {url}
2016-11-02 09:00:30,rt @teslamotors: additional information on a combined tesla & solarcity {url}
2016-11-04 16:35:19,"institutional shareholder services, world's top independent evaluator, recommends in favor of tesla-solarcity merger {url}"
2016-11-04 18:15:43,@mrroryreid @mykalsocal @bbc_topgear @teslamotors loving this thread :)
2016-11-05 00:39:40,here is how to vote your tesla and solarcity shares: {url}
2016-11-05 05:55:11,"@davidtayar5 tesla will def absorb solarcity debt. altho extremely unlikely, i would pay it personally if need be. debts must be honored."
2016-11-06 23:37:58,playing amish paradise in my tesla
2016-11-08 16:57:23,"rt @teslamotors: tesla advanced automation germany to make our factories, the machine that makes the machine, world's most advanced https:/?"
2016-11-09 00:01:10,rt @teslamotors: model x wins the golden steering wheel ? {url}
2016-11-10 20:56:14,rt @teslamotors: survey shows tesla owners in germany understand the meaning and function of autopilot {url}
2016-11-17 02:40:11,rt @tsrandall: tesla's new easter egg makes the world's fastest car even faster {url} {url}
2016-11-17 23:51:05,vote tally shows ~85% of unaffiliated shareholders in favor of the tesla/solarcity merger! thanks for believing.
2016-11-18 19:47:25,rt @teslamotors: battery solar farm to power the island of kauai @fortunemagazine {url}
2016-11-18 19:48:50,@vicentes @teslamotors @fortunemagazine big mobile app update coming with 8.1 next month
2016-11-18 19:51:35,"rt @garrett_bauman: .@teslamotors owners making $923 by renting their car 7 days out of the month on @turo, says ceo {url}"
2016-11-19 01:21:54,rt @techcrunch: watch tesla model s p85d's instant speed avoid a potential rear-end collision {url} by @etherington https?
2016-11-19 11:31:43,tesla self-driving ai with the benny hill option package {url}
2016-11-19 11:34:49,@wheelsupgal @teslamotors yes
2016-11-19 11:38:05,@veritasdk @teslamotors that and paint it black will both be uploaded for free as easter (holiday?) eggs
2016-11-19 11:42:49,@itsjasonwhite @teslamotors perfect
2016-11-22 17:36:00,"rt @teslamotors: this island in american samoa now runs on nearly 100% solar energy thanks to 5,300+ solar panels & 60 tesla powerpacks htt?"
2016-11-22 17:39:01,"rt @electrekco: right-wing group led by trump propagandist launches campaign against elon musk, tesla and spacex {url} ht?"
2016-11-22 19:28:00,@cjdsb @teslamotors about 3 weeks
2016-11-24 01:35:04,rt @thedrive: these are the lobbyists behind the site attacking elon musk and tesla: {url}
2016-11-28 18:08:16,"rt @teslamotors: faster than a supercar, roomier than an suv, more eco-friendly than... anything! rating: ????? @mailonline {url}"
2016-12-17 16:52:16,@teslamotors we are going to modify this so that people only pay a fee if most bays are occupied. if the site is ba? {url}
2016-12-18 06:13:06,@adrianvolts @teslamotors @teslamotorsclub @teslarati tesla software team is working seven days a week to complete? {url}
2016-12-22 02:59:57,tesla autopilot vision neural net now working well. just need to get a lot of road time to validate in a wide range of environments.
2016-12-22 23:15:40,tesla receives highest owner satisfaction score of any carmaker in consumer reports survey {url}
2016-12-27 23:01:43,rt @electrekco: tesla autopilot?s new radar technology predicts an accident caught on dashcam a second later {url} https:?
2017-01-11 01:57:02,@matt_mantyla @teslamotors increasing capacity at existing supercharger locations now has top priority. some are ov? {url}
2017-01-11 01:58:08,rt @teslamotors: welcome chris lattner {url}
2017-01-11 02:40:41,@teslamotors tesla's approach to building an autonomy platform is focused on high compute efficiency machine learni? {url}
2017-01-12 23:43:16,"@trevoclark good point. 2.34 would be a production tesla. stripped down, maybe as low as 2.1."
2017-01-13 05:32:21,rt @teslamotors: building the supercharger network for the future {url}
2017-01-19 17:31:32,rt @bbc_topgear: meet the tesla race car that?ll do 0-62mph in 2.1 seconds {url} {url}
2017-01-19 19:10:24,report highlight: ?the data show that the tesla vehicles crash rate dropped by almost 40 percent after autosteer installation.?
2017-01-19 22:14:06,rt @tsrandall: tesla?s autopilot vindicated in nhtsa probe that shows a 40% drop in crashes {url} {url}
2017-01-22 00:13:40,giant x made of model x's by tesla owners in china! {url}
2017-01-22 03:49:54,@dtweiseth tesla will never stop innovating. people are buying the wrong car if they expect this. there will be maj? {url}
2017-01-30 21:24:09,rt @teslamotors: meet the utility grid of the future. tesla's powerpack installation at @sce's substation will reduce the la basin's relian?
2017-02-05 18:28:25,"rt @teslamotors: honored to receive best car award for the third year in a row in germany. thank you to all 124,000 of you who voted! https?"
2017-02-05 20:30:43,@christesla @fredericlambert almost there. we are just being very careful with the rollout.
2017-02-07 07:40:26,rt @verge: millions of tesla battery cells are powering thousands of la homes {url} {url}
2017-02-07 17:00:54,production tesla model s p100dl sets motor trend all-time world record to 60 mph in 2.27 sec {url}
2017-02-07 18:11:34,"@jovanik21 also, tesla service can remove front trunk liner if you don't use it and improve performance further"
2017-02-10 01:27:26,rt @teslamotors: supercharger availability is now displayed on your tesla touchscreen so you can see how many stalls are open before you ar?
2017-02-10 03:17:19,"@rusulalrubail @markruffalo @guardian please check your facts. tesla and spacex joined as soon as we received the filing, which was monday."
2017-02-11 04:18:03,@seacitylight @nas2four sounds like the tesla powerwall (consumer) and powerpack (utility/commercial) might be useful
2017-02-15 22:52:49,congrats to the tesla owner who sacrificed damage to his own car to bring a car with an unconscious driver safely to a stop!
2017-02-15 23:05:03,"in appreciation, tesla is providing all repair costs free of charge and expedited. {url}"
2017-02-23 14:22:31,excellent tesla model x review {url}
2017-03-06 03:01:49,rt @teslamotors: project loveday {url}
2017-03-10 04:50:57,@mcannonbrookes tesla will get the system installed and working 100 days from contract signature or it is free. that serious enough for you?
2017-03-10 09:05:11,@mcannonbrookes $250/kwh at the pack level for 100mwh+ systems. tesla is moving to fixed and open pricing and terms for all products.
2017-03-24 16:17:41,"am noticing that many people think model 3 is the next version of a tesla, like iphone 2 vs 3. this is not true."
2017-03-24 16:28:40,@luciojr all tesla cars built since oct last year will be capable of self-driving as software improves
2017-03-24 16:35:30,"@skate_a_book yes. model s will always be the fastest tesla until next gen roadster, which is a few years away."
2017-03-24 16:56:02,rt @shkottt: @elonmusk my tesla roadster is the best car i've ever had
2017-03-24 17:01:56,rt @ricardotwumasi: @elonmusk my tesla model s is the best car i've ever had {url}
2017-03-24 17:07:49,rt @herifin_teki: @elonmusk my lil monster tesla model x is the best car i've ever used. thank you elon. ??
2017-03-24 17:10:18,rt @arctechinc: @elonmusk we believe so much in tesla and its goals we have a 100d model s and 90d model x and love both. thank you! https:?
2017-03-28 20:04:59,@business glad to have tencent as an investor and advisor to tesla
2017-03-30 04:29:51,made today on tesla sketch pad {url}
2017-03-31 22:18:42,@tesla_addict @teslamotors working on it
2017-04-03 23:01:01,"@forin2020 @waltmossberg @mims @defcon_5 exactly. tesla is absurdly overvalued if based on the past, but that's irr? {url}"
2017-04-07 19:36:32,feature coming soon that allows one touch access to all discovered tesla easter eggs {url}
2017-04-12 22:20:21,autolist survey finds tesla used car values are highest and sell fastest {url}
2017-04-13 20:51:33,tesla semi truck unveil set for september. team has done an amazing job. seriously next level.
2017-04-17 21:26:01,@pkingdesign tesla will soon be offering a compelling means of upgrading a 60 to a 75
2017-04-18 22:19:05,rt @aaaauto: .@teslamotors model x 75d-overall winner of the 2017 aaa green car guide. more info on the winners & car reviews: {url}
2017-04-19 22:17:19,rt @teslamotors: tesla driver walks away unscathed after ~500-ft fall from a cliff in his model s. {url} via @electrekco
2017-04-24 06:48:58,@judeburger @realamberheard @teslaownersau will definitely do that on my next trip
2017-04-24 20:37:59,rt @teslamotors: charging is our priority. this year we?re doubling our supercharger network & adding more chargers to existing sites https?
2017-04-27 05:54:25,rt @xhnews: chinese vice premier wang yang meets with tesla ceo elon musk in beijing {url}
2017-05-10 10:56:12,tesla solar glass roof orders open this afternoon. i think it will be great. more in about 10 hours ...
2017-05-10 21:53:16,rt @electrekco: tesla releases details of its solar roof tiles: cheaper than regular roof with 'infinity warranty' {url}
2017-05-10 21:54:50,"rt @business: tesla just released solar roof prices, and they're cheaper than expected {url} {url}"
2017-05-10 21:56:25,rt @teslamotors: solar roof {url}
2017-05-10 22:44:09,slo-mo hail cannonball impacting tesla solar roof tile {url}
2017-05-11 00:40:00,@sahilmalik that's how the tiles sit on the roof. there is no difference in strength for the tesla tile based on or? {url}
2017-05-12 04:59:31,"@samgalaviz_ tesla needs to iterate fast on solar roof prefab/install technology, so all installs will be done by tesla techs at first"
2017-05-16 00:53:28,"rt @wcax: .@greenmtnpower, tesla team up on one-of-a-kind energy storage project in #vt- @alexandrawcax has details {url}"
2017-05-18 02:32:53,"rt @electrekco: volvo credits tesla for creating ev demand, says they will stop developing diesel engines to focus on evs {url}"
2017-05-22 04:38:20,@leegrayteslafan black and textured slate versions will be
2017-05-22 04:46:53,excited about the tesla autopilot software release rolling out next month. new control algorithm feels as smooth as silk.
2017-05-22 05:34:38,@tony_lo still on for end of year. just software limited. any tesla car with hw2 (all cars built since oct last yea? {url}
2017-05-24 07:50:56,@station2stat @teslamotors will shut that down. the point is to provide something special that only existing owners? {url}
2017-05-28 02:16:07,@curtishemming @swiftcurlibrary @lloydbrokeit @teslamotors should finish trans-canada this year. a stop in swift current for sure!
2017-06-05 20:37:21,rt @teslamotors: send us questions today for elon to answer at our shareholders meeting tomorrow
2017-06-05 20:39:44,@rolandscahill @teslamotors wearing anything at all is just a conspiracy by the capitalist running dogs of big underwear
2017-06-05 20:44:13,@thestaceyroy @teslamotors california cabernet
2017-06-06 09:29:58,"@rolandscahill @teslamotors this is a metaphor for transparency. also, f* underwear."
2017-06-06 20:42:25,tesla shareholder meeting today. can't believe it's been 1000 years since we went public. {url}
2017-06-08 22:05:56,try the new tesla dj station on streaming radio
2017-06-08 22:08:33,"@philwhln it's on the car. might add it to the tesla app at some point, so you get it on your phone if you have a powerwall or tesla solar."
2017-06-08 22:10:27,"in the us, you can ask your tesla to play any monty python (or other comedy) skit. doesn't work outside us yet."
2017-06-08 23:23:47,@jovanik21 @philwhln just confirmed the tesla dj station works in canada
2017-06-09 12:55:34,few people know that we started tesla when gm forcibly recalled all electric cars from customers in 2003 & then crushed them in a junkyard
2017-06-10 01:03:17,rt @businessinsider: we tried @teslamotors's 'summon' feature ? where the car comes and picks you up {url}
2017-06-10 01:37:16,@samabuelsamid @teslamotors mostly right. the feasibility study martin commissioned about the lotus elise was dead? {url}
2017-06-10 01:47:21,"@samabuelsamid @teslamotors i've written two forward-looking master plans, but haven't told the tesla history of ho? {url}"
2017-06-10 01:53:18,@fredericlambert @samabuelsamid @teslamotors heard about it. our experience doing projects with big car companies w? {url}
2017-06-10 01:59:57,@steveprediletto @samabuelsamid @teslamotors thanks for supporting tesla and the ev mission before anyone had heard of us
2017-06-11 22:23:31,@electrekco @teslaroadtrip hw2 autopilot release should go wide next weekend with additional smoothness improvements to longitudinal control
2017-06-12 01:22:55,"@ethank @electrekco @teslaroadtrip new kernel goes out next weekend, new web browser next month. radar-only braking? {url}"
2017-06-13 07:28:25,"@ethank @electrekco @teslaroadtrip linux kernel update was way harder than anticipated. giant improvement, but mean? {url}"
2017-06-13 11:43:13,rt @electrekco: watch the first tesla model x crash tests - 5 stars expected in every category {url} {url}
2017-06-14 21:05:12,"rt @cnntech: the tesla model x is the safest suv ever tested, according to the national highway traffic safety administration. {url}"
2017-06-17 22:31:59,"tesla service rescues a kitten stuck in the bumper 
{url}
{url}"
2017-06-21 11:53:20,rt @karpathy: excited to join tesla as the director of ai! {url}
2017-07-02 20:51:55,@janeidyeve @arstechnica @teslamotors @spacex suggestions welcome!
2017-07-02 22:40:04,@cristian_miuta @teslamotors norway is awesome
2017-07-04 01:44:00,wanted to say thanks to all that own or ordered a tesla. it matters to us that you took a risk on a new car company. we won't forget.
2017-07-07 08:33:04,rt @huffpostau: .@elonmusk's @teslamotors is helping south australia build the world's largest lithium-ion battery {url}
2017-07-07 10:06:18,rt @bbcworld: tesla to build 'biggest battery' {url}
2017-07-12 02:18:52,"you can now drive anywhere in the us (except n alaska), most of europe, china & japan using the tesla supercharger? {url}"
2017-07-12 02:20:47,"@teslamotors the very near future, not, like, the far away future"
2017-07-17 22:12:43,"i should clarify: tesla stock is obviously high based on past & present, but low if you believe in tesla's future.? {url}"
2017-07-17 22:56:13,"@aylaberan true. need to explain full story of tesla. so much nonsense out there, amplified by propaganda from some? {url}"
2017-07-17 23:54:50,rt @teslamotors: tesla welcomes linda johnson rice and james murdoch as new independent directors to its board {url}
2017-07-22 00:08:51,@drchrisvieira la-sf-reno/sparks would be great. tesla logistics costs for sparks-fremont (batteries & motors) and? {url}
2017-07-22 02:03:51,rt @teslarati: spacex skipping red dragon for ?vastly bigger ships? on mars {url} {url}
2017-07-22 03:25:13,"@andygen21 @teslarati yes, i postponed publishing in order to present the updated interplanetary rocket & spaceship? {url}"
2017-07-22 20:31:17,@voltzcoreaudio @andygen21 @teslarati a 9m diameter vehicle fits in our existing factories ...
2017-07-26 06:18:16,love this tesla p100d drag racing video {url}
2017-07-27 00:36:28,rt @teslamotors: watch all 10 project loveday finalists and like your favorites on twitter by 5pm pt friday: {url}
2017-07-27 00:47:06,rt @teslarati: remembering some of our favorite tesla project loveday videos. what's yours?{url} {url}
2017-07-27 23:52:08,@mathetes76 tesla team will verify
2017-07-29 02:21:03,rt @mkarolian: almost 11 years ago @elonmusk shared his master plan for @teslamotors. tonight he delivers on the final step of it. https:?
2017-07-29 04:07:09,rt @teslamotors: watch the first model 3 handovers on {url} this friday at 8:45pm pt {url}
2017-07-29 04:48:32,@teslaownerclub watched them personally to make sure & i agree with the outcome. wouldn't have judged differently.? {url}
2017-07-29 09:29:59,rt @teslamotors: thank you to all our employees for your hard work making model 3 a reality {url}
2017-07-29 09:30:05,rt @teslamotors: watch a tesla model 3 vs. volvo s60 side-pole impact test {url}
2017-07-29 09:30:10,"rt @teslamotors: s, 3, x on a bridge {url}"
2017-07-29 09:31:03,rt @motortrend: intergalactic exclusive: first drive of the all-new @teslamotors #model3 {url}
2017-08-05 22:44:03,officially verified as the first production electric car to exceed 1000km on a single charge! congratulations tesla? {url}
2017-08-10 08:10:39,@lwrgi major increases in the supercharger and tesla urban charger network happening over the next several months
2017-08-15 02:05:33,"tesla powerwalls can support houses of any size, but the cool thing is we can tow this house around with a model x! {url}"
2017-08-20 13:23:29,@dfchil we are going to move all info and settings to the cloud (aka server) so any tesla you drive in the world? {url}
2017-08-23 17:48:52,rt @teslarati: tesla unlocks ?level 2? referral program prize: drive an electric tunnel boring machine with the boring company - {url}
2017-08-26 03:21:37,@techmeme tesla does not really have ttunes. that's a joke.
2017-08-31 01:01:20,rt @karpathy: we're hiring strong ml/cv/roboticists for the tesla autopilot vision team. we ship autonomy at scale. join us: vision@tesla.c?
2017-08-31 08:35:51,we took the spacex/tesla hyperloop pusher pod for a spin by itself a few days ago to see what it? {url}
2017-09-07 03:44:20,rt @teslamotors: our new supercharger route in south australia will soon allow tesla owners to visit the world's largest battery site https?
2017-09-12 08:29:02,rt @teslamotors: supercharging cities {url}
2017-09-14 02:20:00,tesla semi truck unveil & test ride tentatively scheduled for oct 26th in hawthorne. worth seeing this beast in person. it's unreal.
2017-09-16 03:19:49,@jaycruicks_atc what if we just made a mini version of the tesla semi?
2017-09-16 05:16:49,@bobby_gupta def not ok. just sent a reminder to tesla stores that we just want people to look forward to their nex? {url}
